SMILES,Tg_pred,MAC_pred,Score
*C(=O)NNC(=O)c1ccc(*)nc1,219.9737564152068,0.05689625214860944,12.515682311076398
*C(=O)NNC(=O)c1ccc(*)nc1,219.9737564152068,0.05689625214860944,12.515682311076398
*C(=O)Nc1ccc(*)c(O)c1O,217.05462311036123,0.056909029830712055,12.35236802148151
*C(=O)NNC(=O)c1ccc(*)nc1,219.9737564152068,0.05689625214860944,12.515682311076398
*C(=O)NNC(=O)c1ccc(*)nc1,219.9737564152068,0.05689625214860944,12.515682311076398
*C(=O)NNC(=O)c1ccc(*)nc1,219.9737564152068,0.05689625214860944,12.515682311076398
*C(=O)Nc1ccc(*)n1N,252.95459894905562,0.05689777387789369,14.39255357237665
*C(=O)Nc1ccc(*)n1C(=O)O,210.26645076601957,0.05690898650894446,11.966050609927041
*C(=O)Nc1ccc(NC(=O)c2ccc(*)o2)o1,209.1177077679682,0.056897914764864325,11.89836151240566
*C(=O)Nc1ccc(*)nc1O,227.14036963512947,0.05690290276683681,12.924946367771144
*C(=O)NC(=O)c1ccc(*)nc1N,208.12548596944168,0.056906710222674295,11.843736720016283
*C(=O)Nc1ccc(*)nc1C(=O)O,234.7192999537229,0.05690324799488436,13.356290534452343
